제목,제작 비용 ($),북미 박스오피스 수익 ($),전세계 박스오피스 수익 ($),개봉 주말 수익 ($),상영 등급,장르,상영관 수,상영 시간,개봉 연도,영화 유형
Avengers: Endgame,400000000,858373000.0,2797800564.0,357115007.0,PG-13,Action,4662.0,181.0,2019,1
Pirates of the Caribbean: On Stranger Tides,379000000,241071802.0,1045713802.0,90151958.0,PG-13,Adventure,4164.0,136.0,2011,1
Avengers: Age of Ultron,365000000,459005868.0,1395316979.0,191271109.0,PG-13,Action,4276.0,141.0,2015,1
Star Wars Ep. VII: The Force Awakens,306000000,936662225.0,2064615817.0,247966675.0,PG-13,Adventure,4134.0,136.0,2015,1
Avengers: Infinity War,300000000,678815482.0,2048359754.0,257698183.0,PG-13,Action,4474.0,156.0,2018,1
Pirates of the Caribbean: At World’s End,300000000,309420425.0,960996492.0,114732820.0,PG-13,Adventure,4362.0,167.0,2007,1
Justice League,300000000,229024295.0,655945209.0,93842239.0,PG-13,Action,4051.0,121.0,2017,1
Spectre,300000000,200074175.0,879500760.0,70403148.0,PG-13,Action,3929.0,148.0,2015,1
Star Wars: The Rise of Skywalker,275000000,515202542.0,1072848487.0,177383864.0,PG-13,Adventure,4406.0,142.0,2019,1
Solo: A Star Wars Story,275000000,213767512.0,393151347.0,84420489.0,PG-13,Adventure,4381.0,135.0,2018,1
John Carter,263700000,73058679.0,282778100.0,30180188.0,PG-13,Adventure,3749.0,132.0,2012,2
Batman v Superman: Dawn of Justice,263000000,330360194.0,872395091.0,166007347.0,PG-13,Action,4256.0,151.0,2016,1
Star Wars Ep. VIII: The Last Jedi,262000000,620181382.0,1331635141.0,220009584.0,PG-13,Adventure,4232.0,150.0,2017,1
The Lion King,260000000,543638043.0,1647778651.0,191770759.0,PG,Adventure,4802.0,118.0,2019,1
Tangled,260000000,200821936.0,583777242.0,48767052.0,PG,Musical,3603.0,101.0,2010,2
Spider-Man 3,258000000,336530303.0,894860230.0,151116516.0,PG-13,Adventure,4324.0,139.0,2007,1
Captain America: Civil War,250000000,408084349.0,1151918521.0,179139142.0,PG-13,Action,4226.0,146.0,2016,1
Thor: Love and Thunder,250000000,343256830.0,745453552.0,144165107.0,PG-13,Action,4375.0,119.0,2022,1
Harry Potter and the Half-Blood Prince,250000000,302089278.0,929411069.0,77835727.0,PG,Adventure,4455.0,153.0,2009,2
The Hobbit: The Desolation of Smaug,250000000,258241522.0,959358436.0,73645197.0,PG-13,Adventure,3928.0,201.0,2013,2
The Hobbit: The Battle of the Five Armies,250000000,255119788.0,940389558.0,54724334.0,PG-13,Adventure,3875.0,144.0,2014,2
The Fate of the Furious,250000000,225764765.0,1236703796.0,98786705.0,PG-13,Action,4329.0,136.0,2017,1
No Time to Die,250000000,160891007.0,760008036.0,55225007.0,PG-13,Action,4407.0,163.0,2021,2
Avatar,237000000,785221649.0,2910370905.0,77025481.0,PG-13,Action,3461.0,162.0,2009,2
Superman Returns,232000000,200120000.0,391081192.0,52535096.0,PG-13,Adventure,4065.0,150.0,2006,2
The Dark Knight Rises,230000000,448139099.0,1082228107.0,160887295.0,PG-13,Action,4404.0,164.0,2012,1
Pirates of the Caribbean: Dead Men Tell No Tales,230000000,172558876.0,794861794.0,62983253.0,PG-13,Adventure,4276.0,135.0,2017,2
Quantum of Solace,230000000,169368427.0,591692078.0,67528882.0,PG-13,Action,3501.0,106.0,2008,2
The Avengers,225000000,623357910.0,1515100211.0,207438708.0,PG-13,Action,4349.0,143.0,2012,1
Pirates of the Caribbean: Dead Man’s Chest,225000000,423315812.0,1066179725.0,135634554.0,PG-13,Adventure,4133.0,151.0,2006,1
Man of Steel,225000000,291045518.0,667999518.0,116619362.0,PG-13,Action,4207.0,142.0,2013,1
The Chronicles of Narnia: Prince Caspian,225000000,141621490.0,417341288.0,55034805.0,PG,Adventure,3929.0,144.0,2008,2
The Lone Ranger,225000000,89302115.0,260002115.0,29210849.0,PG-13,Western,3904.0,149.0,2013,2
The Amazing Spider-Man,220000000,262030663.0,757890267.0,62004688.0,PG-13,Adventure,4318.0,136.0,2012,2
Battleship,220000000,65233400.0,313477717.0,25534825.0,PG-13,Action,3702.0,130.0,2012,2
Transformers: The Last Knight,217000000,130168683.0,602893340.0,44680073.0,PG-13,Action,4132.0,148.0,2017,2
Jurassic World,215000000,652306625.0,1669979967.0,208806270.0,PG-13,Action,4291.0,124.0,2015,1
Men in Black 3,215000000,179020854.0,654213485.0,54592779.0,PG-13,Adventure,4248.0,104.0,2012,2
Transformers: Revenge of the Fallen,210000000,402111870.0,836519699.0,108966307.0,PG-13,Action,4293.0,149.0,2009,1
Transformers: Age of Extinction,210000000,245439076.0,1104054072.0,100038390.0,PG-13,Action,4233.0,165.0,2014,2
X-Men: The Last Stand,210000000,234362462.0,459260946.0,102750665.0,PG-13,Action,3714.0,104.0,2006,2
Robin Hood,210000000,105487148.0,322459006.0,36063385.0,PG-13,Action,3505.0,139.0,2010,2
King Kong,207000000,218080025.0,550517357.0,50130145.0,PG-13,Adventure,3627.0,189.0,2005,2
The Golden Compass,205000000,70107728.0,367262558.0,25783232.0,PG-13,Adventure,3528.0,113.0,2007,2
Tenet,205000000,58504105.0,362450957.0,20001852.0,PG-13,Action,2930.0,110.0,2020,2
Spider-Man: No Way Home,200000000,814108407.0,1912775610.0,260138569.0,PG-13,Action,4336.0,148.0,2021,1
Black Panther,200000000,700059566.0,1336494321.0,202003951.0,PG-13,Action,4084.0,120.0,2018,1
Titanic,200000000,659363944.0,2207986545.0,28638131.0,PG-13,Drama,3265.0,194.0,1997,2
Incredibles 2,200000000,608581744.0,1242805359.0,182687905.0,PG,Adventure,4413.0,118.0,2018,1
Rogue One: A Star Wars Story,200000000,533539991.0,1055083596.0,155081681.0,PG-13,Adventure,4157.0,134.0,2016,1
Finding Dory,200000000,486295561.0,1025006125.0,135060273.0,PG,Adventure,4305.0,103.0,2016,1
Toy Story 4,200000000,434038008.0,1073080329.0,120908065.0,G,Adventure,4575.0,89.0,2019,1
Toy Story 3,200000000,415004880.0,1068879522.0,110307189.0,G,Adventure,4028.0,102.0,2010,1
Doctor Strange in the Multiverse of Madness,200000000,411331607.0,952224986.0,187420998.0,PG-13,Action,4534.0,126.0,2022,1
Iron Man 3,200000000,408992272.0,1215392272.0,174144585.0,PG-13,Action,4253.0,130.0,2013,1
Guardians of the Galaxy Vol 2,200000000,389813101.0,869113101.0,146510104.0,PG-13,Action,4347.0,136.0,2017,1
Spider-Man 2,200000000,373524485.0,794697557.0,88156227.0,PG-13,Adventure,4166.0,127.0,2004,2
The Batman,200000000,369345583.0,767820302.0,134008624.0,PG-13,Action,4417.0,175.0,2022,1
Alice in Wonderland,200000000,334191110.0,1025491110.0,116101023.0,PG,Adventure,3739.0,108.0,2010,1
Skyfall,200000000,304360277.0,1110526981.0,88364714.0,PG-13,Action,3526.0,143.0,2012,2
The Hobbit: An Unexpected Journey,200000000,303003568.0,1014938545.0,84617303.0,PG-13,Adventure,4100.0,169.0,2012,2
Monsters University,200000000,268488329.0,743455810.0,82429469.0,G,Adventure,4004.0,102.0,2013,2
Oz the Great and Powerful,200000000,234770996.0,490359051.0,79110453.0,PG,Adventure,3912.0,130.0,2013,2
X-Men: Days of Future Past,200000000,233921534.0,747862775.0,90823660.0,PG-13,Action,4001.0,131.0,2014,2
The Amazing Spider-Man 2,200000000,202853933.0,708996336.0,91608337.0,PG-13,Action,4324.0,141.0,2014,2
Cars 2,200000000,191450875.0,560155383.0,66135507.0,G,Adventure,4115.0,107.0,2011,2
Black Widow,200000000,183651655.0,379751655.0,80366312.0,PG-13,Action,4275.0,133.0,2021,2
Fast & Furious Presents: Hobbs & Shaw,200000000,173956935.0,760381706.0,60038950.0,PG-13,Action,4344.0,134.0,2019,2
F9: The Fast Saga,200000000,173005945.0,721077945.0,70043165.0,PG-13,Action,4203.0,145.0,2021,2
Tron: Legacy,200000000,172062763.0,399866199.0,44026211.0,PG,Adventure,3451.0,125.0,2010,2
2012,200000000,166112167.0,757677748.0,65237614.0,PG-13,Action,3444.0,158.0,2009,2
Eternals,200000000,164870264.0,402064929.0,71297219.0,PG-13,Action,4090.0,156.0,2021,2
Fantastic Beasts: The Crimes of Grindelwald,200000000,159555901.0,648455339.0,62163104.0,PG-13,Adventure,4163.0,134.0,2018,2
Terminator Salvation,200000000,125322469.0,365491792.0,42558390.0,PG-13,Action,3602.0,116.0,2009,2
Lightyear,200000000,118307188.0,218571346.0,50577961.0,PG,Adventure,4255.0,110.0,2022,2
Jungle Cruise,200000000,116987516.0,210384144.0,35018731.0,PG-13,Adventure,4310.0,90.0,2021,2
Green Lantern,200000000,116601172.0,219535492.0,53174303.0,PG-13,Action,3816.0,113.0,2011,2
Fantastic Beasts: The Secrets of Dumbledore,200000000,95850844.0,404560146.0,42151256.0,PG-13,Adventure,4245.0,122.0,2022,2
Prince of Persia: Sands of Time,200000000,90759676.0,336359676.0,30095259.0,PG-13,Action,3646.0,115.0,2010,2
Dark Phoenix,200000000,65845974.0,246356895.0,32828348.0,PG-13,Action,3721.0,114.0,2019,2
Onward,200000000,61555145.0,133317030.0,39119861.0,PG,Adventure,4310.0,114.0,2020,2
Wonder Woman 1984,200000000,46801036.0,166360232.0,16701957.0,PG-13,Action,2218.0,151.0,2020,2
Mulan,200000000,169611380.408,69965374.0,54292057.0,PG-13,Adventure,3660.0,115.0,2020,2
The Tomorrow War,200000000,169611380.408,19220000.0,54292057.0,PG-13,Action,3660.0,140.0,2021,2
The Gray Man,200000000,169611380.408,451178.0,54292057.0,PG-13,Thriller/Suspense,3660.0,129.0,2022,2
Transformers: Dark of the Moon,195000000,352390543.0,1123794079.0,97852865.0,PG-13,Action,4107.0,154.0,2011,2
The Mummy,195000000,80101125.0,409953905.0,31668375.0,PG-13,Adventure,4035.0,107.0,2017,2
Jack the Giant Slayer,195000000,65187603.0,197687603.0,27202226.0,PG-13,Adventure,3525.0,113.0,2013,2
Furious 7,190000000,353007020.0,1514553486.0,147187040.0,PG-13,Action,4022.0,137.0,2015,1
Star Trek Into Darkness,190000000,228778661.0,467381584.0,70165559.0,PG-13,Adventure,3907.0,132.0,2013,2
World War Z,190000000,202706711.0,531861650.0,66411834.0,PG-13,Action,3607.0,115.0,2013,2
The Great Gatsby,190000000,144840419.0,353640419.0,50085184.0,PG-13,Drama,3550.0,141.0,2013,2
Disney’s A Christmas Carol,190000000,137855863.0,315709697.0,30051075.0,PG,Drama,3683.0,95.0,2009,2
Pacific Rim,190000000,101802906.0,411002906.0,37285325.0,PG-13,Action,3285.0,131.0,2013,2
The Matrix Resurrections,190000000,37686805.0,156467817.0,10749011.0,R,Action,3552.0,148.0,2021,2
The Good Dinosaur,187500000,123087120.0,333771037.0,39155217.0,PG,Adventure,3749.0,92.0,2015,2
Iron Man,186000000,318604126.0,585171547.0,102118668.0,PG-13,Adventure,4154.0,126.0,2008,2
The Dark Knight,185000000,533720947.0,998615789.0,158411483.0,PG-13,Action,4366.0,152.0,2008,1
Indiana Jones and the Kingdom of the Crystal Skull,185000000,317101119.0,786635413.0,100137835.0,PG-13,Adventure,4264.0,123.0,2008,2
Brave,185000000,237282182.0,554606532.0,66323594.0,PG,Adventure,4164.0,93.0,2012,2
Kong: Skull Island,185000000,168052812.0,561072059.0,61025472.0,PG-13,Adventure,3846.0,118.0,2017,2
Star Trek Beyond,185000000,158848340.0,335673708.0,59253211.0,PG-13,Adventure,3928.0,122.0,2016,2
Maleficent: Mistress of Evil,185000000,113929605.0,489346495.0,36948713.0,PG,Adventure,3820.0,118.0,2019,2
Blade Runner 2049,185000000,92054159.0,258829058.0,32753122.0,R,Thriller/Suspense,4058.0,164.0,2017,2
Terminator: Dark Fate,185000000,62253077.0,250372367.0,29033832.0,R,Action,4086.0,128.0,2019,2
The Suicide Squad,185000000,55817425.0,167120232.0,26205415.0,R,Action,4019.0,132.0,2021,2
Aladdin,182000000,355559216.0,1046649706.0,91500929.0,PG,Adventure,4476.0,128.0,2019,2
Thor: Ragnarok,180000000,315058289.0,850482778.0,122744989.0,PG-13,Action,4080.0,130.0,2017,1
Maleficent,180000000,241407328.0,758536735.0,69431298.0,PG,Adventure,3948.0,97.0,2014,2
Fantastic Beasts and Where to Find Them,180000000,234037575.0,811724385.0,74403387.0,PG-13,Adventure,4144.0,133.0,2016,2
WALL-E,180000000,223808164.0,532508025.0,63087526.0,G,Adventure,3992.0,100.0,2008,2
Rush Hour 3,180000000,140125968.0,256585882.0,49100158.0,PG-13,Action,3778.0,91.0,2007,2
The Legend of Tarzan,180000000,126643061.0,348902025.0,38527856.0,PG-13,Adventure,3591.0,110.0,2016,2
Hugo,180000000,73864507.0,180047784.0,11364505.0,PG,Adventure,2608.0,126.0,2011,2
Valerian and the City of a Thousand Planets,180000000,40479370.0,215098356.0,17007624.0,PG-13,Adventure,3553.0,129.0,2017,2
Jupiter Ascending,179000000,47482519.0,181982519.0,18372372.0,PG-13,Action,3885.0,127.0,2015,2
Mission: Impossible—Fallout,178000000,220159104.0,787176729.0,61236534.0,PG-13,Action,4395.0,147.0,2018,2
X-Men: Apocalypse,178000000,155442489.0,542537546.0,65769562.0,PG-13,Action,4153.0,136.0,2016,2
The Meg,178000000,145443742.0,527370715.0,45402195.0,PG-13,Action,4118.0,113.0,2018,2
Edge of Tomorrow,178000000,100206256.0,367028980.0,28760246.0,PG-13,Action,3505.0,136.0,2014,2
Captain Marvel,175000000,426829839.0,1129727388.0,153433423.0,PG-13,Action,4310.0,124.0,2019,1
The Jungle Book,175000000,364001123.0,953554418.0,103261464.0,PG,Adventure,4144.0,105.0,2016,2
Inside Out,175000000,356461711.0,853003563.0,90440272.0,PG,Adventure,4158.0,95.0,2015,2
Spider-Man: Homecoming,175000000,334201140.0,878346440.0,117027503.0,PG-13,Action,4348.0,133.0,2017,2
Suicide Squad,175000000,325100054.0,745744980.0,133682248.0,PG-13,Action,4255.0,123.0,2016,1
Up,175000000,293004164.0,731463377.0,68108790.0,PG,Adventure,3886.0,89.0,2009,2
Coco,175000000,210460015.0,797666425.0,50802605.0,PG,Musical,3987.0,105.0,2017,2
Ralph Breaks The Internet,175000000,201091711.0,529290830.0,56237634.0,PG,Adventure,4017.0,112.0,2018,2
Monsters vs. Aliens,175000000,198351526.0,381687380.0,59321095.0,PG,Adventure,4136.0,95.0,2009,2
Cars 3,175000000,152901115.0,383541369.0,53688680.0,G,Adventure,4256.0,109.0,2017,2
G.I. Joe: The Rise of Cobra,175000000,150201498.0,302469017.0,54713046.0,PG-13,Action,4007.0,118.0,2009,2
Wild Wild West,175000000,113805681.0,221229335.0,27687484.0,PG-13,Adventure,3342.0,107.0,1999,2
The Mummy: Tomb of the Dragon Emperor,175000000,102491776.0,405760225.0,40457770.0,PG-13,Adventure,3778.0,111.0,2008,2
Evan Almighty,175000000,100289690.0,174131329.0,31192615.0,PG,Comedy,3636.0,96.0,2007,2
Waterworld,175000000,88246220.0,264246220.0,21171780.0,PG-13,Action,2420.0,135.0,1995,2
Dolittle,175000000,77047065.0,251410631.0,21844045.0,PG,Adventure,4155.0,103.0,2020,2
King Arthur: Legend of the Sword,175000000,39175066.0,139630336.0,15371270.0,PG-13,Adventure,3702.0,126.0,2017,2
47 Ronin,175000000,38362475.0,151716815.0,9910310.0,PG-13,Action,2690.0,127.0,2013,2
Turning Red,175000000,169611380.408,10965045.0,54292057.0,PG,Adventure,3660.0,100.0,2022,2
Top Gun: Maverick,170000000,715270567.0,1478823595.0,126707459.0,PG-13,Action,4751.0,131.0,2022,1
Jurassic World: Fallen Kingdom,170000000,417719760.0,1308334005.0,148024610.0,PG-13,Action,4485.0,128.0,2018,1
Guardians of the Galaxy,170000000,333714112.0,770882395.0,94320883.0,PG-13,Action,4088.0,121.0,2014,2
Iron Man 2,170000000,312433331.0,621156389.0,128122480.0,PG-13,Action,4390.0,125.0,2010,1
Captain America: The Winter Soldier,170000000,259746958.0,714401889.0,95023721.0,PG-13,Action,3938.0,135.0,2014,2
Dawn of the Planet of the Apes,170000000,208545589.0,710644566.0,72611427.0,PG-13,Adventure,3969.0,130.0,2014,2
The Polar Express,170000000,188578855.0,312719437.0,23325035.0,G,Adventure,3650.0,92.0,2004,2
Snow White and the Huntsman,170000000,155136755.0,401021746.0,56217700.0,PG-13,Adventure,3777.0,127.0,2012,2
Terminator 3: Rise of the Machines,170000000,150358296.0,433058296.0,44041440.0,R,Action,3504.0,109.0,2003,2
Van Helsing,170000000,120150546.0,300150546.0,51748040.0,PG-13,Action,3580.0,132.0,2004,2
Dumbo,170000000,114766307.0,353166307.0,45990748.0,PG,Adventure,4259.0,130.0,2019,2
Godzilla: King of the Monsters,170000000,110500138.0,383299915.0,47776293.0,PG-13,Action,4108.0,132.0,2019,2
Tomorrowland,170000000,93436322.0,206627518.0,33028165.0,PG,Adventure,3972.0,129.0,2015,2
Alita: Battle Angel,170000000,85838210.0,401900040.0,28525613.0,PG-13,Action,3802.0,122.0,2019,2
Alice Through the Looking Glass,170000000,77042381.0,276928112.0,26858726.0,PG,Adventure,3763.0,113.0,2016,2
Jurassic World: Dominion,165000000,376009080.0,1001188755.0,145075625.0,PG-13,Action,4697.0,146.0,2022,1
Shrek Forever After,165000000,238736787.0,756244673.0,70838207.0,PG,Adventure,4386.0,93.0,2010,2
Doctor Strange,165000000,232641920.0,676354481.0,85058311.0,PG-13,Action,3882.0,115.0,2016,2
Big Hero 6,165000000,222527828.0,648415024.0,56215889.0,PG,Adventure,3773.0,108.0,2014,2
How to Train Your Dragon,165000000,217581232.0,494870992.0,43732319.0,PG,Adventure,4060.0,91.0,2010,2
Wreck-It Ralph,165000000,189412677.0,496511521.0,49038712.0,PG,Adventure,3752.0,101.0,2012,2
Interstellar,165000000,188017894.0,649133873.0,47510360.0,PG-13,Adventure,3561.0,165.0,2014,2
Dune,165000000,108327830.0,397720527.0,41011174.0,PG-13,Action,4125.0,156.0,2021,2
Independence Day: Resurgence,165000000,103144286.0,384169424.0,41039944.0,PG-13,Action,4091.0,119.0,2016,2
Cowboys and Aliens,163000000,100368560.0,176038324.0,36431290.0,PG-13,Action,3754.0,118.0,2011,2
Beauty and the Beast,160000000,504014165.0,1270042058.0,174750616.0,PG,Musical,4210.0,123.0,2017,1
Spider-Man: Far From Home,160000000,390532085.0,1132532832.0,92579212.0,PG-13,Action,4634.0,129.0,2019,2
Aquaman,160000000,335061807.0,1143758700.0,67873522.0,PG-13,Action,4184.0,143.0,2018,2
Shrek the Third,160000000,322719944.0,807330936.0,121629270.0,PG,Adventure,4172.0,92.0,2007,2
Inception,160000000,292576195.0,728582465.0,62785337.0,PG-13,Thriller/Suspense,3792.0,147.0,2010,2
The Hunger Games: Mockingjay - Part 2,160000000,281723902.0,648986787.0,102665981.0,PG-13,Thriller/Suspense,4175.0,136.0,2015,2
Fast and Furious 6,160000000,238679850.0,789300444.0,97375245.0,PG-13,Action,3771.0,130.0,2013,2
Godzilla,160000000,200676069.0,529076069.0,93188384.0,PG-13,Action,3952.0,123.0,2014,2
X-Men: First Class,160000000,146408305.0,355408305.0,55101604.0,PG-13,Action,3692.0,132.0,2011,2
The Curious Case of Benjamin Button,160000000,127509326.0,329631958.0,26853816.0,PG-13,Drama,2988.0,167.0,2008,2
The Sorcerer's Apprentice,160000000,63150991.0,217986320.0,17619622.0,PG,Adventure,3504.0,108.0,2010,2
Poseidon,160000000,60674817.0,181674817.0,22155410.0,PG-13,Adventure,3555.0,122.0,2006,2
Warcraft,160000000,47365290.0,438899824.0,24166110.0,PG-13,Action,3406.0,123.0,2016,2
The Irishman,159000000,169611380.408,910234.0,54292057.0,R,Drama,3660.0,210.0,2019,2
Deepwater Horizon,156000000,61433527.0,122359309.0,20223544.0,PG-13,Thriller/Suspense,3403.0,107.0,2016,0
Godzilla vs. Kong,155000000,100916094.0,468064628.0,32200000.0,PG-13,Action,3084.0,113.0,2021,2
Terminator: Genisys,155000000,89760956.0,432150894.0,27018486.0,PG-13,Action,3783.0,126.0,2015,2
Pacific Rim: Uprising,155000000,59874525.0,290930148.0,28116535.0,PG-13,Action,3708.0,111.0,2018,2
Alexander,155000000,34297191.0,167297191.0,13687087.0,R,Action,2445.0,175.0,2004,0
War for the Planet of the Apes,152000000,146880162.0,489592267.0,56262929.0,PG-13,Action,4100.0,142.0,2017,2
Pearl Harbor,151500000,198539855.0,449239853.0,59078912.0,PG-13,Action,3255.0,182.0,2001,2
Transformers,151000000,319246193.0,708272592.0,70502384.0,PG-13,Action,4050.0,142.0,2007,2
Frozen II,150000000,477373578.0,1445182280.0,130263358.0,PG,Adventure,4440.0,103.0,2019,2
Wonder Woman,150000000,412563408.0,818058221.0,103251471.0,PG-13,Action,4165.0,141.0,2017,2
Frozen,150000000,400953009.0,1261788407.0,243390.0,PG,Musical,3742.0,102.0,2013,0
Zootopia,150000000,341268248.0,1004629935.0,75063401.0,PG,Adventure,3959.0,108.0,2016,2
Harry Potter and the Order of the Phoenix,150000000,292137260.0,939619849.0,77108414.0,PG-13,Adventure,4285.0,138.0,2007,2
Harry Potter and the Goblet of Fire,150000000,290201752.0,886746240.0,102685961.0,PG-13,Adventure,3858.0,150.0,2005,2
The Matrix Reloaded,150000000,281553689.0,738576929.0,91774413.0,R,Action,3603.0,138.0,2003,2
I am Legend,150000000,256393010.0,585532684.0,77211321.0,PG-13,Horror,3648.0,100.0,2007,2
Moana,150000000,248757044.0,631617146.0,56631401.0,PG,Musical,3875.0,113.0,2016,2
Hancock,150000000,227946274.0,624234272.0,62603879.0,PG-13,Action,3965.0,92.0,2008,2
Shang-Chi and the Legend of the Ten Rings,150000000,224543292.0,432243292.0,75388688.0,PG-13,Action,4300.0,132.0,2021,2
Charlie and the Chocolate Factory,150000000,206459076.0,475825484.0,56178450.0,PG,Adventure,3790.0,115.0,2005,2
Ratatouille,150000000,206445654.0,626549695.0,47027395.0,G,Adventure,3940.0,110.0,2007,2
Thor: The Dark World,150000000,206362140.0,644602516.0,85737841.0,PG-13,Action,3841.0,111.0,2013,2
Batman Begins,150000000,205343774.0,358858124.0,48745440.0,PG-13,Action,3858.0,140.0,2005,2
Mission: Impossible—Rogue Nation,150000000,195042377.0,688858992.0,55520089.0,PG-13,Action,3988.0,131.0,2015,2
Dunkirk,150000000,190068280.0,518058826.0,50513488.0,PG-13,Action,4014.0,107.0,2017,2
Thor,150000000,181030624.0,449326618.0,65723338.0,PG-13,Action,3963.0,113.0,2011,2
Madagascar: Escape 2 Africa,150000000,180174880.0,599680774.0,63106589.0,PG,Adventure,4065.0,89.0,2008,2
X-Men Origins: Wolverine,150000000,179883157.0,374825760.0,85058003.0,PG-13,Action,4102.0,107.0,2009,2
Night at the Museum: Battle of the Smithsonian,150000000,177243721.0,402231063.0,54173286.0,PG,Adventure,4101.0,105.0,2009,2
Kung Fu Panda 2,150000000,165249063.0,664837547.0,47656302.0,PG,Adventure,3952.0,90.0,2011,2
Mad Max: Fury Road,150000000,153636354.0,367457874.0,45428128.0,R,Action,3722.0,120.0,2015,2
Pokémon: Detective Pikachu,150000000,144105346.0,431344168.0,54365242.0,PG,Adventure,4248.0,104.0,2019,2
The Matrix Revolutions,150000000,139270910.0,427300260.0,48475154.0,R,Action,3502.0,129.0,2003,2
Ready Player One,150000000,137690172.0,579055653.0,41769050.0,PG-13,Adventure,4234.0,140.0,2018,2
Chicken Little,150000000,135386665.0,310043823.0,40049778.0,G,Adventure,3658.0,82.0,2005,2
Mission: Impossible III,150000000,133501348.0,399387745.0,47743273.0,PG-13,Action,4059.0,126.0,2006,2
Angels & Demons,150000000,133375846.0,490875846.0,46204168.0,PG-13,Thriller/Suspense,3527.0,138.0,2009,2
Troy,150000000,133298577.0,483152040.0,46865412.0,R,Action,3411.0,162.0,2004,2
The Last Airbender,150000000,131772187.0,319713881.0,40325019.0,PG,Adventure,3203.0,103.0,2010,2
Bee Movie,150000000,126631277.0,287594577.0,38021044.0,PG,Adventure,3984.0,90.0,2007,2
G-Force,150000000,119436770.0,292817841.0,31706934.0,PG,Adventure,3697.0,87.0,2009,0
Bolt,150000000,114053579.0,328015029.0,26223128.0,PG,Adventure,3654.0,96.0,2008,0
Encanto,150000000,96093622.0,230873149.0,27206494.0,PG,Adventure,3980.0,109.0,2021,0
Wrath of the Titans,150000000,83670083.0,305270083.0,33457188.0,PG-13,Adventure,3545.0,99.0,2012,0
Beowulf,150000000,82280579.0,195080579.0,27515871.0,PG-13,Adventure,3249.0,115.0,2007,0
Dark Shadows,150000000,79727149.0,238202668.0,29685274.0,PG-13,Black Comedy,3755.0,112.0,2012,0
White House Down,150000000,73103784.0,205440387.0,24852258.0,PG-13,Thriller/Suspense,3222.0,131.0,2013,0
Space Jam: A New Legacy,150000000,70592228.0,144003749.0,31053362.0,PG,Comedy,4002.0,115.0,2021,0
The Wolfman,150000000,62189884.0,142634358.0,31479235.0,R,Horror,3223.0,102.0,2010,0
The Great Wall,150000000,45157105.0,334486852.0,18469620.0,PG-13,Action,3328.0,104.0,2016,0
Pan,150000000,35088320.0,151525973.0,15315435.0,PG,Adventure,3515.0,111.0,2015,0
Mars Needs Moms,150000000,21392758.0,39549758.0,6914488.0,PG,Adventure,3117.0,88.0,2011,0
Moonfall,150000000,19060660.0,59049032.0,9868997.0,PG-13,Action,3446.0,124.0,2022,0
Red Notice,150000000,169611380.408,173638.0,54292057.0,PG-13,Action,3660.0,115.0,2021,2
6 Underground,150000000,169611380.408,469777564.92,54292057.0,R,Action,3660.0,128.0,2019,2
Flushed Away,149000000,64665672.0,179357126.0,18814323.0,PG,Adventure,3707.0,85.0,2006,0
Madagascar 3: Europe's Most Wanted,145000000,216391482.0,746921271.0,60316738.0,PG,Adventure,4263.0,85.0,2012,2
Mission: Impossible—Ghost Protocol,145000000,209397903.0,694713230.0,12785204.0,PG-13,Action,3555.0,132.0,2011,0
How to Train Your Dragon 2,145000000,177002924.0,614586270.0,49451322.0,PG,Adventure,4268.0,102.0,2014,0
Tarzan,145000000,171091819.0,448191819.0,34221968.0,G,Adventure,3131.0,88.0,1999,0
Mr. Peabody & Sherman,145000000,111506430.0,269806430.0,32207057.0,PG,Adventure,3951.0,91.0,2014,0
Rise of the Guardians,145000000,103412758.0,306900902.0,23773465.0,PG,Adventure,3672.0,97.0,2012,0
Sahara,145000000,68671925.0,121645390.0,18068372.0,PG-13,Adventure,3200.0,124.0,2005,0
Ghostbusters,144000000,128350574.0,229008658.0,46018755.0,PG-13,Comedy,3963.0,117.0,2016,0
Die Another Day,142000000,160942139.0,431942139.0,47072040.0,PG-13,Action,3377.0,133.0,2002,0
Star Trek,140000000,257730019.0,386839614.0,79204289.0,PG-13,Adventure,4053.0,125.0,2009,2
Armageddon,140000000,201578182.0,554600000.0,36089972.0,PG-13,Adventure,3184.0,150.0,1998,0
Men in Black 2,140000000,190418803.0,441767803.0,52148751.0,PG-13,Action,3641.0,86.0,2002,0
Captain America: The First Avenger,140000000,176654505.0,370569776.0,65058524.0,PG-13,Action,3715.0,124.0,2011,2
Kung Fu Panda 3,140000000,143528619.0,521170825.0,41282042.0,PG,Adventure,3987.0,94.0,2016,0
Lethal Weapon 4,140000000,130444603.0,285400000.0,34048124.0,R,Action,3117.0,127.0,1998,0
G.I. Joe: Retaliation,140000000,122523060.0,375740705.0,40501814.0,PG-13,Action,3734.0,110.0,2013,0
The Last Samurai,140000000,111110575.0,456810575.0,24271354.0,R,Action,2938.0,154.0,2003,0
Fun With Dick And Jane,140000000,110550000.0,203018919.0,14383515.0,PG-13,Comedy,3239.0,90.0,2005,0
Exodus: Gods and Kings,140000000,65014513.0,268314513.0,24115934.0,PG-13,Drama,3503.0,150.0,2014,0
The BFG,140000000,55483770.0,199646680.0,18775350.0,PG,Adventure,3392.0,115.0,2016,0
Gemini Man,140000000,48546770.0,166623705.0,20552372.0,PG-13,Action,3642.0,116.0,2019,0
Gods of Egypt,140000000,31153464.0,138836756.0,14123903.0,PG-13,Adventure,3117.0,127.0,2016,0
Spider-Man,139000000,403706375.0,821706375.0,114844116.0,PG-13,Adventure,3876.0,121.0,2002,2
Watchmen,138000000,107509799.0,186976250.0,55214334.0,R,Action,3611.0,161.0,2009,0
Stealth,138000000,32116746.0,76416746.0,13251545.0,PG-13,Action,3495.0,121.0,2005,0
The Incredible Hulk,137500000,134806913.0,265573859.0,55414050.0,PG-13,Adventure,3508.0,112.0,2008,0
Hulk,137000000,132177234.0,245031679.0,62128420.0,PG-13,Action,3674.0,138.0,2003,0
Final Fantasy: The Spirits Within,137000000,32131830.0,85131830.0,11408853.0,PG-13,Adventure,2649.0,106.0,2001,0
"The Twilight Saga: Breaking Dawn, Part 2",136200000,292324737.0,829724737.0,141067634.0,PG-13,Drama,4070.0,115.0,2012,1
The Croods,135000000,187168425.0,573068425.0,43639736.0,PG,Adventure,4065.0,98.0,2013,0
The Revenant,135000000,183637894.0,532938302.0,474560.0,R,Adventure,3711.0,156.0,2015,0
The World is Not Enough,135000000,126930660.0,361730660.0,35519007.0,PG-13,Action,3165.0,128.0,1999,0
Rango,135000000,123477607.0,245724600.0,38079323.0,PG,Adventure,3923.0,107.0,2011,0
Master and Commander: The Far Side of the World,135000000,93926386.0,212912137.0,25105990.0,PG-13,Adventure,3101.0,139.0,2003,0
Turbo,135000000,83028130.0,286896578.0,21312625.0,PG,Adventure,3809.0,96.0,2013,0
Teenage Mutant Ninja Turtles: Out of the Shadows,135000000,82051601.0,245328374.0,35316382.0,PG-13,Adventure,4071.0,112.0,2016,0
Happy Feet Two,135000000,64006466.0,157956466.0,21237068.0,PG,Adventure,3611.0,99.0,2011,0
Miami Vice,135000000,63478838.0,164920076.0,25723815.0,R,Action,3026.0,132.0,2006,0
The Nutcracker and the Four Realms,132900000,54858851.0,170024300.0,20352491.0,PG,Adventure,3766.0,99.0,2018,0
War of the Worlds,132000000,234280354.0,606836535.0,64878725.0,PG-13,Action,3910.0,116.0,2005,0
Penguins of Madagascar,132000000,83350911.0,366942531.0,25447444.0,PG,Adventure,3775.0,92.0,2014,0
The Hunger Games: Catching Fire,130000000,424668047.0,864868047.0,158074286.0,PG-13,Adventure,4163.0,146.0,2013,1
Harry Potter and the Prisoner of Azkaban,130000000,249757726.0,789592708.0,93687367.0,PG,Adventure,3855.0,141.0,2004,2
The Bourne Ultimatum,130000000,227471070.0,444043396.0,69283690.0,PG-13,Thriller/Suspense,3701.0,113.0,2007,0
Ant-Man and the Wasp,130000000,216648740.0,623144660.0,75812205.0,PG-13,Action,4206.0,118.0,2018,0
Kung Fu Panda,130000000,215434591.0,631910531.0,60239130.0,PG,Adventure,4136.0,91.0,2008,0
Ant-Man,130000000,180202163.0,518858449.0,57225526.0,PG-13,Action,3868.0,117.0,2015,0
Home,130000000,177397510.0,385997896.0,52107731.0,PG,Adventure,3801.0,94.0,2015,0
Mary Poppins Returns,130000000,171958438.0,348901032.0,23523121.0,PG,Musical,4090.0,130.0,2018,0
Puss in Boots,130000000,149260504.0,554987477.0,34077439.0,PG,Adventure,3963.0,90.0,2011,0
Megamind,130000000,148415853.0,321887208.0,46016833.0,PG,Adventure,3949.0,95.0,2010,0
Bad Boys II,130000000,138540870.0,273271982.0,46522560.0,R,Action,3202.0,140.0,2003,0
Rio 2,130000000,131538435.0,492846291.0,39327869.0,G,Adventure,3975.0,101.0,2014,0
Salt,130000000,118311368.0,290650494.0,36011243.0,PG-13,Thriller/Suspense,3612.0,100.0,2010,0
Noah,130000000,101200044.0,352831065.0,43720472.0,PG-13,Drama,3571.0,137.0,2014,0
The Adventures of Tintin,130000000,77591831.0,373993951.0,9720993.0,PG,Adventure,3087.0,104.0,2011,0
After Earth,130000000,60522097.0,251499665.0,27520040.0,PG-13,Action,3401.0,99.0,2013,0
Australia,130000000,49554002.0,215080810.0,14800723.0,PG-13,Drama,2721.0,165.0,2008,0
R.I.P.D.,130000000,33618855.0,79076678.0,12691415.0,PG-13,Action,2852.0,98.0,2013,0
How to Train Your Dragon: The Hidden World,129000000,160799505.0,521214533.0,55022245.0,PG,Adventure,4286.0,104.0,2019,0
"The Twilight Saga: Breaking Dawn, Part 1",127500000,281287133.0,688288353.0,138122261.0,PG-13,Drama,4066.0,117.0,2011,2
Dinosaur,127500000,137748063.0,356148063.0,38854851.0,PG,Adventure,3319.0,82.0,2000,0
Logan,127000000,226277068.0,614202315.0,88411916.0,R,Action,4071.0,135.0,2017,0
Night at the Museum: Secret of the Tomb,127000000,113746621.0,353756621.0,17100520.0,PG,Adventure,3914.0,97.0,2014,0
Harry Potter and the Deathly Hallows: Part II,125000000,381193157.0,1316355322.0,169189427.0,PG-13,Adventure,4375.0,131.0,2011,1
The Hunger Games: Mockingjay - Part 1,125000000,337135885.0,766575131.0,121897634.0,PG-13,Thriller/Suspense,4151.0,123.0,2014,2
Harry Potter and the Sorcerer’s Stone,125000000,317871467.0,965054122.0,90294621.0,PG,Adventure,3672.0,152.0,2001,0
Jumanji: The Next Level,125000000,316831246.0,798332900.0,59251543.0,PG-13,Adventure,4227.0,123.0,2019,0
Harry Potter and the Deathly Hallows: Part I,125000000,296131568.0,951767705.0,125017372.0,PG-13,Adventure,4125.0,146.0,2010,2
The Da Vinci Code,125000000,217536138.0,767820459.0,77073388.0,PG-13,Thriller/Suspense,3757.0,152.0,2006,0
X-Men 2,125000000,214949694.0,406348630.0,85558731.0,PG-13,Action,3749.0,135.0,2003,0
Fast Five,125000000,210031325.0,630163454.0,86198765.0,PG-13,Action,3793.0,130.0,2011,0
Teenage Mutant Ninja Turtles,125000000,191204754.0,485004754.0,65575105.0,PG-13,Adventure,3980.0,101.0,2014,0
Sherlock Holmes: A Game of Shadows,125000000,186848418.0,535663443.0,39637079.0,PG-13,Action,3703.0,129.0,2011,0
The Day After Tomorrow,125000000,186740799.0,555840117.0,68743584.0,PG-13,Adventure,3444.0,123.0,2004,0
The Boss Baby,125000000,175003033.0,527965936.0,50198902.0,PG,Adventure,3829.0,97.0,2017,0
Clash of the Titans,125000000,163214888.0,493214888.0,61235105.0,PG-13,Action,3802.0,106.0,2010,0
Trolls,125000000,153707064.0,343242613.0,46581142.0,PG,Adventure,4066.0,93.0,2016,0
Godzilla,125000000,136314294.0,376000000.0,93188384.0,PG-13,Action,3952.0,123.0,1998,0
Prometheus,125000000,126477084.0,402448265.0,51050101.0,R,Thriller/Suspense,3442.0,124.0,2012,0
The Bourne Legacy,125000000,113203870.0,280355920.0,38142825.0,PG-13,Thriller/Suspense,3753.0,135.0,2012,0
Batman & Robin,125000000,107325195.0,238317814.0,42872605.0,PG-13,Action,2942.0,125.0,1997,0
Skyscraper,125000000,68420120.0,304868961.0,24905015.0,PG,Action,3822.0,103.0,2018,0
The Call of the Wild,125000000,62342368.0,107360936.0,24791624.0,PG,Adventure,3914.0,100.0,2020,0
Total Recall,125000000,58877969.0,211856088.0,25577758.0,PG-13,Action,3601.0,117.0,2012,0
Assassin’s Creed,125000000,54647948.0,240759682.0,10278225.0,PG-13,Action,2996.0,116.0,2016,0
Monster Trucks,125000000,33370166.0,61642798.0,10950705.0,PG-13,Adventure,3119.0,104.0,2016,0
The 13th Warrior,125000000,32698899.0,61698899.0,10267756.0,R,Action,2313.0,103.0,1999,0
How the Grinch Stole Christmas,123000000,260348825.0,345445403.0,55820330.0,PG,Adventure,3256.0,105.0,2000,0
Mission: Impossible 2,120000000,215409889.0,549588516.0,57845297.0,PG-13,Action,3669.0,126.0,2000,0
The Perfect Storm,120000000,182618434.0,328711434.0,41325042.0,PG-13,Drama,3407.0,129.0,2000,0
Jason Bourne,120000000,162192920.0,416168316.0,59215365.0,PG-13,Action,4039.0,123.0,2016,0
Uncharted,120000000,148648820.0,401748820.0,44010155.0,PG-13,Adventure,4275.0,116.0,2022,0
Fantastic Four: Rise of the Silver Surfer,120000000,131921738.0,289480691.0,58051684.0,PG,Action,3963.0,91.0,2007,0
Life of Pi,120000000,124987022.0,619310368.0,22451514.0,PG,Drama,2946.0,125.0,2012,0
Ghost Rider,120000000,115802596.0,229545589.0,45388836.0,PG-13,Action,3620.0,110.0,2007,0
Rampage,120000000,101028233.0,427947217.0,35753093.0,PG-13,Action,4115.0,107.0,2018,0
Charlie's Angels: Full Throttle,120000000,100814328.0,227163273.0,37634221.0,PG-13,Action,3485.0,106.0,2003,0
Elysium,120000000,93050117.0,286192091.0,29807393.0,R,Action,3284.0,109.0,2013,0
Oblivion,120000000,89107235.0,287916633.0,37054485.0,PG-13,Thriller/Suspense,3792.0,125.0,2013,0
Power Rangers,120000000,85364450.0,142531552.0,40300288.0,PG-13,Action,3693.0,124.0,2017,0
Stuart Little 2,120000000,64956806.0,166000000.0,15115152.0,PG,Adventure,3282.0,77.0,2002,0
RoboCop,120000000,58607007.0,242981799.0,21681430.0,PG-13,Action,3372.0,116.0,2014,0
The Chronicles of Riddick,120000000,57712751.0,107212751.0,24289165.0,PG-13,Adventure,2759.0,119.0,2004,0
Speed Racer,120000000,43945766.0,93394462.0,18561337.0,PG,Action,3606.0,135.0,2008,0
The Island,120000000,35818913.0,163018913.0,12409070.0,PG-13,Action,3138.0,136.0,2005,0
How Do You Know?,120000000,30212620.0,49628177.0,7484696.0,R,Romantic Comedy,2483.0,121.0,2010,0
Outlaw King,120000000,169611380.408,469777564.92,54292057.0,R,Action,3660.0,117.0,2018,0
Knight and Day,117000000,76423035.0,258751370.0,20139985.0,PG-13,Action,3104.0,109.0,2010,0
Tang Ren Jie Tan An 3,117000000,169611380.408,699084069.0,54292057.0,R,Action,3660.0,136.0,2021,0
Venom,116000000,213511408.0,856081053.0,80255756.0,PG-13,Action,4250.0,112.0,2018,0
Star Wars Ep. I: The Phantom Menace,115000000,474544677.0,1027044677.0,64810970.0,PG,Adventure,3126.0,133.0,1999,0
Star Wars Ep. III: Revenge of the Sith,115000000,380270577.0,848998877.0,108435841.0,PG-13,Adventure,3663.0,139.0,2005,0
Star Wars Ep. II: Attack of the Clones,115000000,310676740.0,656695615.0,80027814.0,PG,Adventure,3161.0,143.0,2002,0
"Monsters, Inc.",115000000,290149425.0,560483719.0,62577067.0,G,Adventure,3649.0,92.0,2001,0
The Wolverine,115000000,132556852.0,416456852.0,53113752.0,PG-13,Action,3924.0,126.0,2013,0
Dante’s Peak,115000000,67163857.0,178200000.0,18479435.0,PG-13,Thriller/Suspense,2761.0,109.0,1997,0
The Huntsman: Winter’s War,115000000,48003015.0,165149302.0,19445035.0,PG-13,Action,3802.0,113.0,2016,0
Windtalkers,115000000,40914068.0,77628265.0,14520412.0,R,Action,2898.0,134.0,2002,0
Triple Frontier,115000000,169611380.408,469777564.92,54292057.0,R,Action,3660.0,125.0,2019,0
Gulliver's Travels,112000000,42779261.0,232017848.0,6307691.0,PG,Adventure,3089.0,87.0,2010,0
Ferdinand,111000000,84410380.0,288510892.0,13401586.0,PG,Adventure,3630.0,107.0,2017,0
Deadpool 2,110000000,324591735.0,786362370.0,125507153.0,R,Action,4349.0,119.0,2018,0
Gravity,110000000,274092705.0,688214291.0,55785112.0,PG-13,Thriller/Suspense,3820.0,91.0,2013,0
Night at the Museum,110000000,250863268.0,579446407.0,30433781.0,PG,Adventure,3768.0,108.0,2006,0
Venom: Let There be Carnage,110000000,213550366.0,501600379.0,90033210.0,PG-13,Action,4225.0,97.0,2021,0
Mr. and Mrs. Smith,110000000,186336279.0,486124090.0,50342878.0,PG-13,Action,3451.0,120.0,2005,0
San Andreas,110000000,155190832.0,456258539.0,54588173.0,PG-13,Adventure,3812.0,114.0,2015,0
The Smurfs,110000000,142614158.0,563749323.0,35611637.0,PG,Adventure,3427.0,103.0,2011,0
Live Free or Die Hard,110000000,134529403.0,382288147.0,33369559.0,PG-13,Action,3411.0,129.0,2007,0
The Divergent Series: Insurgent,110000000,130179072.0,295075882.0,52263680.0,PG-13,Action,3875.0,118.0,2015,0
Ocean's Twelve,110000000,125531634.0,362989076.0,39153380.0,PG-13,Adventure,3290.0,125.0,2004,0
Tomorrow Never Dies,110000000,125304276.0,339504276.0,25143007.0,PG-13,Action,2807.0,119.0,1997,0
The Patriot,110000000,113330342.0,215300000.0,22413710.0,R,Drama,3061.0,164.0,2000,0
300: Rise of an Empire,110000000,106580051.0,330780051.0,45038460.0,R,Action,3490.0,102.0,2014,0
The Aviator,110000000,102608827.0,208370892.0,858021.0,PG-13,Drama,2530.0,170.0,2004,0
Passengers,110000000,100014699.0,302239672.0,14869736.0,PG-13,Thriller/Suspense,3478.0,116.0,2016,0
The Green Hornet,110000000,98780042.0,229155503.0,33526876.0,PG-13,Action,3584.0,118.0,2011,0
Miss Peregrine’s Home for Peculiar Children,110000000,87242834.0,295986876.0,28871140.0,PG-13,Adventure,3835.0,126.0,2016,0
Real Steel,110000000,85463309.0,263880341.0,27319677.0,PG-13,Action,3440.0,126.0,2011,0
Men in Black: International,110000000,80001807.0,253020464.0,30035838.0,PG-13,Adventure,4224.0,118.0,2019,0
The A-Team,110000000,77222099.0,177241171.0,25669455.0,PG-13,Action,3544.0,118.0,2010,0
The Smurfs 2,110000000,71017784.0,348547523.0,17548389.0,PG,Adventure,3867.0,104.0,2013,0
The Divergent Series: Allegiant,110000000,66184051.0,172022517.0,29027348.0,PG-13,Action,3740.0,120.0,2016,0
The Taking of Pelham 123,110000000,65452312.0,152364370.0,23373102.0,R,Action,3077.0,106.0,2009,0
Ender's Game,110000000,61737191.0,127983283.0,27017351.0,PG-13,Adventure,3407.0,114.0,2013,0
Home on the Range,110000000,50026353.0,76482461.0,13880771.0,PG,Adventure,3058.0,76.0,2004,0
Speed 2: Cruise Control,110000000,48097081.0,150468000.0,16158942.0,PG-13,Action,2625.0,125.0,1997,0
Kingdom of Heaven,110000000,47398413.0,218674938.0,19635996.0,R,Action,3219.0,148.0,2005,0
Ghost in the Shell,110000000,40563557.0,167910690.0,18676033.0,PG-13,Action,3440.0,100.0,2017,0
Around the World in 80 Days,110000000,24004159.0,72004159.0,7576132.0,PG,Adventure,2801.0,120.0,2004,0
Dr. Seuss’ The Cat in the Hat,109000000,101018283.0,133818283.0,38329160.0,PG,Adventure,3467.0,82.0,2003,0
Ali,109000000,58183966.0,87683966.0,14710892.0,R,Drama,2521.0,158.0,2001,0
The Martian,108000000,228433663.0,653609107.0,54308575.0,PG-13,Thriller/Suspense,3854.0,130.0,2015,0
Allied,106000000,40098064.0,119266661.0,12701743.0,R,Drama,3160.0,124.0,2016,0
"I, Robot",105000000,144801023.0,348629585.0,52179887.0,PG-13,Action,3494.0,115.0,2004,0
Stuart Little,105000000,140015224.0,298815224.0,15018223.0,PG,Adventure,3151.0,92.0,1999,0
The Princess and the Frog,105000000,104400899.0,270997378.0,786190.0,G,Adventure,3475.0,97.0,2009,0
"10,000 B.C.",105000000,94784201.0,269065678.0,35867488.0,PG-13,Adventure,3454.0,109.0,2008,0
Ice Age: Collision Course,105000000,64063008.0,402156682.0,21373064.0,PG,Adventure,3997.0,100.0,2016,0
Starship Troopers,105000000,54768952.0,121100000.0,22058773.0,R,Action,2971.0,129.0,1997,0
Town & Country,105000000,6712451.0,10364769.0,3029858.0,R,Romantic Comedy,2222.0,122.0,2001,0
Kingsman: The Golden Circle,104000000,100234838.0,408803696.0,39023010.0,R,Action,4038.0,141.0,2017,0
Gone in 60 Seconds,103300000,101643008.0,232643008.0,25336048.0,PG-13,Action,3089.0,117.0,2000,0
Gladiator,103000000,187683805.0,456435588.0,34819017.0,R,Action,3188.0,154.0,2000,0
The Hangover 3,103000000,112200072.0,362000072.0,41671198.0,R,Comedy,3565.0,100.0,2013,0
A Wrinkle in Time,103000000,100478608.0,133214549.0,33123609.0,PG,Adventure,3980.0,120.0,2018,0
Public Enemies,102500000,97104620.0,212282709.0,25271675.0,R,Drama,3336.0,140.0,2009,0
Casino Royale,102000000,167365000.0,594420283.0,40833156.0,PG-13,Action,3443.0,144.0,2006,0
Minority Report,102000000,132024714.0,358824714.0,35677125.0,PG-13,Action,3001.0,144.0,2002,0
Bumblebee,102000000,127195589.0,465195589.0,21654047.0,PG-13,Adventure,3597.0,114.0,2018,0
Cloud Atlas,102000000,27108272.0,130673154.0,9612247.0,R,Drama,2023.0,172.0,2012,0
Harry Potter and the Chamber of Secrets,100000000,262233381.0,875262553.0,88357488.0,PG,Adventure,3682.0,161.0,2002,0
Terminator 2: Judgment Day,100000000,203464105.0,515376182.0,31765506.0,R,Action,2495.0,136.0,1991,0
Batman Forever,100000000,184031112.0,336529144.0,52784433.0,PG-13,Action,2893.0,122.0,1995,0
Planet of the Apes,100000000,180011740.0,362211740.0,68532960.0,PG-13,Adventure,3530.0,120.0,2001,0
National Treasure,100000000,173005002.0,331323410.0,35142554.0,PG,Adventure,3243.0,130.0,2004,0
Django Unchained,100000000,162805434.0,449841566.0,30122888.0,R,Western,3012.0,165.0,2012,0
1917,100000000,159227644.0,370603379.0,576216.0,R,Thriller/Suspense,3987.0,119.0,2019,0
Little Fockers,100000000,148438600.0,310650574.0,30833665.0,PG-13,Comedy,3675.0,98.0,2010,0
True Lies,100000000,146282411.0,365300000.0,25869770.0,R,Action,2561.0,141.0,1994,0
American Gangster,100000000,130164645.0,267985456.0,43565135.0,R,Drama,3111.0,157.0,2007,0
Cloudy with a Chance of Meatballs,100000000,124870275.0,236827677.0,30304648.0,PG,Adventure,3119.0,90.0,2009,0
The Other Guys,100000000,119219978.0,170936470.0,35543162.0,PG-13,Comedy,3651.0,97.0,2010,0
Lemony Snicket's A Series of Unfortunate Events,100000000,118627117.0,212956024.0,30061756.0,PG,Adventure,3623.0,107.0,2004,0
The Wolf of Wall Street,100000000,116949183.0,389918903.0,18410067.0,R,Black Comedy,2557.0,165.0,2013,0
Epic,100000000,107518682.0,262794441.0,33531068.0,PG,Adventure,3894.0,103.0,2013,0
Eraser,100000000,101295562.0,234400000.0,24566446.0,R,Action,2556.0,114.0,1996,0
The Hunchback of Notre Dame,100000000,100138851.0,325500000.0,21037414.0,G,Adventure,2835.0,91.0,1996,0
The Emperor's New Groove,100000000,89630573.0,169630573.0,9812302.0,G,Adventure,2887.0,78.0,2000,0
The Expendables 2,100000000,85028192.0,311979256.0,28591370.0,R,Action,3355.0,103.0,2012,0
Where the Wild Things Are,100000000,77233467.0,99123656.0,32695407.0,PG,Adventure,3735.0,100.0,2009,0
Eragon,100000000,75030163.0,249488115.0,23239907.0,PG,Adventure,3030.0,104.0,2006,0
Hercules,100000000,72688614.0,243388614.0,29800263.0,PG-13,Adventure,3595.0,97.0,2014,0
The Tourist,100000000,67631157.0,278731369.0,16472458.0,PG-13,Thriller/Suspense,2756.0,102.0,2010,0
End of Days,100000000,66889043.0,212026975.0,20523595.0,R,Action,2665.0,120.0,1999,0
Spies in Disguise,100000000,66757013.0,165138481.0,13354798.0,PG,Adventure,3502.0,104.0,2019,0
The Stepford Wives,100000000,59475623.0,96150482.0,21406781.0,PG-13,Black Comedy,3057.0,93.0,2004,0
Surf’s Up,100000000,58867694.0,145395745.0,17640249.0,PG,Adventure,3531.0,85.0,2007,0
Blood Diamond,100000000,57377916.0,171377916.0,8648324.0,R,Action,1920.0,143.0,2006,0
Midway,100000000,56846802.0,126829063.0,17897419.0,PG-13,Action,3242.0,138.0,2019,0
Legend of the Guardians: The Owls of Ga'Hoole,100000000,55675313.0,139716717.0,16112211.0,PG,Adventure,3575.0,90.0,2010,0
Land of the Lost,100000000,49438370.0,69548641.0,18837350.0,PG-13,Comedy,3534.0,102.0,2009,0
Peter Pan,100000000,48417850.0,95255485.0,11139495.0,PG,Adventure,2813.0,113.0,2003,0
Wonder Park,100000000,45216793.0,115112118.0,15853646.0,PG,Adventure,3838.0,93.0,2019,0
Catwoman,100000000,40202379.0,82078046.0,16728411.0,PG-13,Action,3117.0,101.0,2004,0
The Expendables 3,100000000,39322544.0,209461378.0,15879645.0,PG-13,Action,3221.0,103.0,2014,0
West Side Story,100000000,38530322.0,75011257.0,10574618.0,PG-13,Musical,2820.0,156.0,2021,0
Treasure Planet,100000000,38120554.0,91800000.0,12083248.0,PG,Adventure,3227.0,95.0,2002,0
The King’s Man,100000000,37176373.0,121125300.0,5915542.0,R,Action,3180.0,131.0,2021,0
Green Zone,100000000,35497337.0,97523020.0,14309295.0,R,Drama,3004.0,114.0,2010,0
Geostorm,100000000,33700160.0,220796009.0,13707376.0,PG-13,Thriller/Suspense,3246.0,109.0,2017,0
Point Break,100000000,28782481.0,126704591.0,9800252.0,PG-13,Action,2910.0,113.0,2015,0
Cats,100000000,27166770.0,75558925.0,6619870.0,PG,Musical,3380.0,110.0,2019,0
In the Heart of the Sea,100000000,25020758.0,89693309.0,11053366.0,PG-13,Adventure,3103.0,121.0,2015,0
Transcendence,100000000,23022309.0,103039258.0,10886386.0,PG-13,Thriller/Suspense,3455.0,119.0,2014,0
Son of the Mask,100000000,17018422.0,59918422.0,7511675.0,PG,Adventure,2966.0,94.0,2005,0
Mortal Engines,100000000,15951040.0,85480271.0,7559850.0,PG-13,Action,3103.0,128.0,2018,0
Chaos Walking,100000000,13287908.0,27075660.0,3775350.0,PG-13,Action,2132.0,108.0,2021,0
The Last Duel,100000000,10853945.0,30055233.0,4759151.0,R,Drama,3065.0,153.0,2021,0
The Adventures of Pluto Nash,100000000,4411102.0,7094995.0,2182900.0,PG-13,Comedy,2320.0,122.0,2002,0
Jin líng shí san chai,100000000,311434.0,98227017.0,48558.0,R,Drama,30.0,141.0,2012,0
The Midnight Sky,100000000,169611380.408,75615.0,54292057.0,PG-13,Adventure,3660.0,118.0,2020,0
Artemis Fowl,100000000,169611380.408,469777564.92,54292057.0,PG,Adventure,3660.0,115.0,2020,0
The Peanuts Movie,99000000,130178411.0,250091610.0,44213073.0,G,Adventure,3902.0,89.0,2015,0
The LEGO Movie 2: The Second Part,99000000,105806508.0,190131036.0,34115335.0,PG,Adventure,4303.0,107.0,2019,0
Robin Hood,99000000,30824628.0,85210012.0,36063385.0,PG-13,Action,3505.0,139.0,2018,0
The Mummy Returns,98000000,202007640.0,435040395.0,68139035.0,PG-13,Adventure,3553.0,129.0,2001,0
Ford v. Ferrari,97600000,117624357.0,224418748.0,31474958.0,PG-13,Drama,3746.0,152.0,2019,0
Gangs of New York,97000000,77730500.0,183124621.0,9496870.0,R,Drama,2340.0,155.0,2002,0
Alien: Covenant,97000000,74262031.0,238521247.0,36160621.0,R,Horror,3772.0,123.0,2017,0
Cinderella,95000000,201151353.0,542351353.0,67877361.0,PG,Drama,3848.0,105.0,2015,0
Ice Age: Continental Drift,95000000,161321843.0,879765137.0,46629259.0,PG,Adventure,3886.0,87.0,2012,0
Black Hawk Down,95000000,108638745.0,159691085.0,179823.0,R,Action,3143.0,144.0,2001,0
Sex and the City 2,95000000,95347692.0,294680778.0,31001870.0,R,Comedy,3445.0,146.0,2010,0
Percy Jackson & the Olympians: The Lightning Thief,95000000,88768303.0,223050874.0,31236067.0,PG,Adventure,3396.0,119.0,2010,0
The Campaign,95000000,86907746.0,104907746.0,26588460.0,R,Comedy,3302.0,85.0,2012,0
Unstoppable,95000000,81562942.0,165720921.0,22688457.0,PG-13,Action,3261.0,98.0,2010,0
The Fifth Element,95000000,63570862.0,263893838.0,17031345.0,PG-13,Action,2500.0,126.0,1997,0
The Road to El Dorado,95000000,50802661.0,65700000.0,12846652.0,PG,Adventure,3223.0,89.0,2000,0
The Lovely Bones,95000000,44114232.0,94894448.0,116616.0,PG-13,Drama,2638.0,135.0,2009,0
Ben-Hur,95000000,26410477.0,91669648.0,11203815.0,PG-13,Adventure,3084.0,123.0,2016,0
Seventh Son,95000000,17725785.0,108874967.0,7217640.0,PG-13,Adventure,2875.0,102.0,2014,0
Finding Nemo,94000000,380529370.0,936094852.0,70251710.0,G,Adventure,3425.0,100.0,2003,0
The Lord of the Rings: The Return of the King,94000000,377845905.0,1120214046.0,72629713.0,PG-13,Adventure,3703.0,201.0,2003,0
The Lord of the Rings: The Two Towers,94000000,342548984.0,919148764.0,62007528.0,PG-13,Adventure,3622.0,179.0,2002,0
Lara Croft: Tomb Raider,94000000,131144183.0,273330185.0,47735743.0,PG-13,Adventure,3349.0,100.0,2001,0
Kingsman: The Secret Service,94000000,128261724.0,404561724.0,36206331.0,R,Action,3282.0,129.0,2015,0
The Lord of the Rings: The Fellowship of the Ring,93000000,315544750.0,891216824.0,47211490.0,PG-13,Adventure,3381.0,179.0,2001,0
Jurassic Park III,93000000,181166115.0,365900000.0,50771645.0,PG-13,Action,3470.0,93.0,2001,0
Rise of the Planet of the Apes,93000000,176760185.0,470986200.0,54806191.0,PG-13,Adventure,3691.0,120.0,2011,0
The Spiderwick Chronicles,92500000,71195053.0,162839667.0,19004058.0,PG,Adventure,3847.0,96.0,2008,0
The Incredibles,92000000,261441092.0,631441092.0,70467623.0,PG,Adventure,3933.0,115.0,2004,0
A Good Day to Die Hard,92000000,67349198.0,304249198.0,24834845.0,R,Action,3555.0,98.0,2013,0
The Alamo,92000000,22406362.0,23911362.0,9124701.0,PG-13,Western,2609.0,137.0,2004,0
Cutthroat Island,92000000,10017322.0,18517322.0,2371415.0,PG-13,Adventure,1619.0,122.0,1995,0
The Secret Life of Walter Mitty,91000000,58236838.0,187861183.0,12765508.0,PG,Adventure,2922.0,114.0,2013,0
